case_number,likelihood_to_recommend
cs0003230,1
cs0001378,1
cs0001480,1
cs000389,0
cs000161,0
cs0001864,1
cs0002923,0
cs000412,0
cs0002264,0
cs0002106,1
cs0001743,0
cs0002906,0
cs0002980,0
cs000192,0
cs0002289,1
cs0002525,0
cs0001249,1
cs000766,0
cs0002801,1
cs000180,1
cs000556,0
cs000652,0
cs0002609,1
cs0001682,0
cs000704,0
cs0003260,0
cs0002035,0
cs0001222,1
cs0001897,0
cs0003341,0
cs0002730,0
cs0002564,1
cs000564,1
cs000446,1
cs000544,1
cs0002757,0
cs0001537,0
cs0001565,1
cs000282,1
cs0001730,1
cs0003072,0
cs00082,1
cs0002767,0
cs000834,0
cs0001348,1
cs0002345,0
cs0002547,1
cs0001202,1
cs0001188,0
cs0001478,0
cs0002949,1
cs0003243,1
cs0002806,1
cs0002816,1
cs000669,1
cs000943,0
cs0001148,1
cs0002932,0
cs0002534,1
cs0002358,0
cs0001400,1
cs0001619,0
cs0001118,1
cs0001421,1
cs0001066,0
cs0001569,0
cs0003000,0
cs000804,0
cs0002344,0
cs0002494,0
cs0001630,1
cs000521,1
cs0001116,1
cs0001473,1
cs0003324,0
cs0001123,0
cs0002523,0
cs0002350,0
cs0001827,1
cs000662,0
cs0001787,1
cs0002244,1
cs0001218,0
cs000525,0
cs0002145,0
cs0002691,0
cs000785,0
cs0002834,1
cs0001208,1
cs000138,1
cs0002794,1
cs000706,0
cs00096,1
cs0002014,0
cs000693,1
cs0001896,0
cs000184,1
cs000635,1
cs0001358,1
cs0001330,1
cs0002258,0
cs0001496,0
cs0003354,1
cs0002845,0
cs0002249,0
cs000385,0
cs0002587,0
cs0001305,0
cs000483,0
cs0002898,0
cs0001454,0
cs0002332,0
cs0002622,0
cs0002674,0
cs000462,0
cs0001566,1
cs0001665,0
cs0002630,0
cs0001900,1
cs0001657,0
cs0002284,0
cs0002657,0
cs0001038,1
cs000529,0
cs0002227,0
cs000443,1
cs0001517,0
cs0002211,0
cs000623,0
cs000718,1
cs0001391,1
cs000258,0
cs0001805,1
cs0001205,1
cs0001193,1
cs0001765,0
cs0001741,0
cs0003074,1
cs000978,0
cs0002755,0
cs0002286,0
cs0001981,1
cs0002864,1
cs000133,1
cs0001885,1
cs000456,1
cs000705,0
cs0001734,0
cs0001745,0
cs0001557,0
cs0002069,1
cs000787,1
cs0001532,1
cs0001711,0
cs0002872,1
cs0001152,0
cs0003229,0
cs0001033,0
cs0002658,0
cs000780,1
cs0002501,1
cs000626,0
cs000373,0
cs0001186,0
cs0002087,0
cs000502,0
cs0002342,1
cs0002711,0
cs0002263,1
cs00058,1
cs0001725,1
cs0001951,1
cs000358,1
cs0002895,1
cs0001155,1
cs0001153,1
cs0001971,1
cs0001281,0
cs0002489,1
cs0003201,0
cs0001902,0
cs000514,1
cs0002333,1
cs000712,1
cs000743,0
cs0001625,0
cs000568,0
cs0003044,0
cs000698,0
cs000688,0
cs000908,1
cs0001053,0
cs0003186,1
cs0001515,0
cs0001997,0
cs000559,0
cs0001125,0
cs0002124,0
cs0001920,0
cs000520,1
cs0001365,0
cs0001733,0
cs0001461,1
cs0002027,0
cs0002990,1
cs0002673,1
cs0002349,1
cs0002254,0
cs000562,0
cs0001626,0
cs0001149,1
cs0002775,0
cs000108,1
cs0001493,1
cs0003085,1
cs0001051,1
cs0001062,0
cs0001966,0
cs0001382,0
cs000540,1
cs000776,0
cs0002447,0
cs000396,1
cs0001798,0
cs000238,0
cs0003124,0
cs0002450,0
cs0003217,0
cs0002646,1
cs0002299,0
cs000849,1
cs0001512,1
cs000518,0
cs0001470,0
cs000538,0
cs0001333,1
cs000956,1
cs0001581,0
cs000533,0
cs0002631,1
cs0001986,1
cs0002372,1
cs000720,0
cs0001293,1
cs0003213,0
cs000136,1
cs0003020,0
cs000836,1
cs0001747,0
cs0002322,0
cs0001329,1
cs0001513,0
cs0002198,0
cs000543,0
cs000664,1
cs0002903,0
cs000215,0
cs0002484,0
cs0001477,0
cs00013,0
cs000961,1
cs0002679,0
cs0002623,0
cs0002956,0
cs000505,0
cs000929,0
cs0002374,0
cs0001879,0
cs0003055,1
cs0001936,0
cs000896,0
cs0003346,0
cs0001137,0
cs0002364,1
cs0002733,0
cs0001553,0
cs000372,0
cs000477,0
cs0001314,0
cs0001922,0
cs0001143,1
cs0002480,1
cs000130,1
cs0002586,1
cs0001374,1
cs0002835,0
cs00091,0
cs0003350,0
cs0001197,1
cs0002551,1
cs0002925,0
cs000226,1
cs000209,0
cs0001797,0
cs0002455,0
cs0003037,0
cs0002392,1
cs0001881,1
cs000325,0
cs0001933,0
cs0001265,1
cs0002848,0
cs000331,0
cs0002301,1
cs0001979,0
cs0002514,1
cs0001109,0
cs000274,1
cs0002085,1
cs0001524,1
cs0002370,0
cs0002954,0
cs0002126,1
cs000499,0
cs0003153,1
cs000334,1
cs0002410,1
cs000513,1
cs0002300,1
cs0002413,1
cs000493,1
cs000163,1
cs0002065,1
cs0001973,0
cs000822,0
cs0001882,1
cs0001714,0
cs000569,0
cs000957,0
cs0001317,1
cs0003183,0
cs00026,1
cs0001138,0
cs0001501,0
cs0001424,0
cs0002831,1
cs0003105,1
cs0002833,0
cs0001959,1
cs0002936,0
cs0002941,0
cs000393,0
cs0002478,0
cs000870,1
cs00048,1
cs0007,0
cs000883,1
cs0002443,1
cs000897,0
cs0002584,0
cs000600,1
cs0002459,0
cs0003295,1
cs000612,1
cs0001343,0
cs0001069,0
cs0002272,1
cs000436,0
cs0001614,0
cs000922,0
cs0001236,0
cs000537,1
cs0002703,0
cs0001392,0
cs000851,0
cs0001676,1
cs0002215,0
cs00060,1
cs0001544,0
cs000361,0
cs0002497,0
cs0003030,0
cs0001859,1
cs00099,0
cs00066,1
cs000782,1
cs0001807,0
cs0001023,1
cs0001542,0
cs000833,1
cs000855,1
cs0001832,1
cs0002071,1
cs000247,0
cs0001128,1
cs000530,1
cs000464,0
cs000253,0
cs0002913,1
cs0002381,1
cs000960,0
cs0002216,0
cs0001491,0
cs0001583,1
cs0001465,0
cs0002948,0
cs0002185,1
cs000845,0
cs000283,0
cs0002242,0
cs0002324,1
cs0002357,1
cs000982,0
cs0001976,1
cs0003377,1
cs0001947,0
cs000311,0
cs0001837,0
cs0003064,0
cs00087,0
cs0002158,0
cs0002560,1
cs000692,1
cs0003268,0
cs000404,0
cs0003001,0
cs000827,1
cs000552,0
cs0002886,0
cs0001213,0
cs0001244,0
cs000999,1
cs0003112,0
cs0001638,1
cs0002668,1
cs0001368,1
cs000843,0
cs0002763,0
cs0001270,0
cs0001185,0
cs0003340,1
cs000470,0
cs000965,1
cs0002138,1
cs0001377,0
cs0001932,0
cs0002869,0
cs0002950,0
cs0001943,0
cs0002008,0
cs0003051,1
cs0001799,1
cs0001170,1
cs0002056,1
cs0001726,1
cs0002119,0
cs0001629,1
cs000490,0
cs0002326,0
cs00044,0
cs000290,1
cs0002546,0
cs0003156,1
cs000677,1
cs0002600,0
cs0001995,0
cs000862,0
cs0003143,0
cs0001590,0
cs0003271,1
cs000117,0
cs000689,1
cs0002426,0
cs0002076,0
cs0001892,1
cs000981,0
cs0002634,0
cs000549,0
cs000944,1
cs0001344,0
cs000370,1
cs0003058,1
cs0001911,1
cs000774,1
cs0001907,1
cs0001627,1
cs0003378,0
cs0002914,1
cs0002237,0
cs0001750,0
cs0003096,0
cs0002719,0
cs000996,1
cs0002614,1
cs0002434,0
cs0002255,1
cs000305,0
cs0003345,1
cs0001450,0
cs000219,1
cs0002778,0
cs0003169,1
cs0002908,0
cs0002247,1
cs0001584,0
cs0001773,1
cs0001243,0
cs0002868,1
cs000728,0
cs0002509,0
cs0002529,1
cs0001738,0
cs0002292,0
cs000165,1
cs0006,1
cs0002134,1
cs0001874,0
cs000432,1
cs0001279,0
cs0002947,1
cs0003249,0
cs000213,1
cs0001508,0
cs0002112,1
cs0001389,0
cs0002891,0
cs00092,1
cs0001194,1
cs0002232,0
cs0002327,0
cs0002965,1
cs0002726,1
cs0001737,0
cs0001101,0
cs000915,0
cs0003041,1
cs0001664,0
cs000441,0
cs0002659,1
cs0001354,0
cs0002063,0
cs0003365,1
cs0001761,1
cs0002907,1
cs000484,0
cs0003261,0
cs0002957,0
cs00024,0
cs000171,1
cs0003034,0
cs0001420,1
cs0002359,0
cs0001224,0
cs0001539,1
cs0001423,1
cs000591,0
cs0001086,0
cs0001468,0
cs0002822,0
cs000893,0
cs0001503,1
cs0001929,1
cs0003087,0
cs000303,0
cs0001673,1
cs0002177,1
cs0002291,0
cs0001434,0
cs0001775,0
cs0001070,0
cs0001576,1
cs0001702,0
cs000629,0
cs0001162,0
cs0003093,0
cs000154,0
cs000352,1
cs0001653,1
cs0001321,1
cs000599,0
cs0001510,1
cs0002493,0
cs000748,1
cs0003084,1
cs0002176,1
cs0001873,0
cs0003036,0
cs000570,0
cs0003060,0
cs00061,1
cs0003317,1
cs0001256,0
cs000821,0
cs0001295,0
cs000531,0
cs0001670,1
cs000186,0
cs0001840,1
cs000959,1
cs000722,0
cs0003291,1
cs000825,1
cs000233,0
cs000363,0
cs000684,1
cs0002189,1
cs000212,1
cs000709,1
cs0003237,0
cs0002987,1
cs000288,0
cs0002398,0
cs0001396,0
cs0002441,1
cs000771,0
cs0003,1
cs0002751,0
cs000916,1
cs0001525,1
cs0001346,0
cs0001447,1
cs0001100,0
cs0001147,1
cs0002089,0
cs0002683,0
cs000906,1
cs0001154,0
cs00079,0
cs0001755,1
cs0001012,0
cs000935,0
cs0002678,0
cs0001163,0
cs000327,0
cs0001385,1
cs0001871,0
cs0003068,0
cs0002890,1
cs0001479,1
cs0001717,0
cs0001326,0
cs0002887,1
cs000299,0
cs0001323,0
cs000402,0
cs000985,1
cs0001327,0
cs0002855,0
cs0001631,0
cs0002660,0
cs0003090,0
cs0002897,0
cs0002766,0
cs000998,0
cs000536,0
cs0002973,1
cs0001169,1
cs0001872,0
cs0003120,1
cs0001652,1
cs0001790,0
cs00059,0
cs0003274,0
cs000620,1
cs0001749,1
cs000963,1
cs0001692,1
cs0001394,0
cs0002670,1
cs0002931,0
cs000266,1
cs0002399,0
cs0001967,1
cs0001449,0
cs0001591,1
cs000110,1
cs0001563,1
cs0003199,0
cs0003100,0
cs000181,0
cs00062,1
cs0003329,0
cs0001198,1
cs0003071,0
cs0002804,0
cs0002157,0
cs0002436,0
cs0001784,1
cs000332,1
cs000324,1
cs0001502,0
cs000558,0
cs000445,0
cs000204,0
cs0001707,0
cs0002155,0
cs000179,0
cs0002457,0
cs0001869,0
cs0001744,0
cs0001868,1
cs0001719,0
cs0001923,0
cs0002133,0
cs0001645,0
cs0003211,1
cs0001884,0
cs0003015,0
cs000202,0
cs0002199,1
cs000197,0
cs0002371,0
cs000380,1
cs0003140,0
cs0003262,0
cs0002765,0
cs0001793,1
cs0002433,0
cs0001177,0
cs0002306,1
cs0002850,0
cs0001017,1
cs0003171,1
cs000799,1
cs0002655,1
cs000671,1
cs0003247,0
cs0001935,0
cs0002616,1
cs0001076,0
cs0001049,1
cs0001918,0
cs0003358,0
cs0002475,0
cs0003039,1
cs0002261,0
cs0001956,1
cs0001891,1
cs0002771,0
cs0003197,1
cs0002994,1
cs0002544,1
cs0002068,1
cs000887,0
cs000109,1
cs0003347,0
cs000524,0
cs000447,0
cs000567,1
cs0002219,1
cs0001931,0
cs000585,0
cs0001704,1
cs0001453,1
cs0001835,0
cs00083,0
cs0001572,1
cs000450,0
cs0002692,0
cs0001568,0
cs000844,0
cs0002619,1
cs0001822,1
cs0003344,0
cs0002761,1
cs000739,0
cs0002496,1
cs0001861,1
cs0002510,1
cs000605,0
cs0001036,0
cs000889,0
cs0001768,0
cs000745,1
cs0002758,0
cs0002032,0
cs0001242,1
cs0001045,1
cs0001106,0
cs0001362,0
cs0002505,1
cs0001303,0
cs0002820,1
cs0002808,0
cs0002978,0
cs0001982,0
cs000158,0
cs0002423,1
cs0002191,0
cs0002745,1
cs0001996,1
cs0002911,1
cs0001516,0
cs0002159,0
cs0002203,0
cs000582,1
cs00053,1
cs0002025,1
cs0002693,0
cs0003016,1
cs0001888,1
cs0001130,0
cs0002307,1
cs0002905,0
cs000381,0
cs0003310,0
cs0002208,0
cs0003188,0
cs0003245,0
cs0002555,0
cs0001223,0
cs000670,0
cs000895,1
cs0003299,0
cs0001226,0
cs0001060,0
cs0002262,0
cs000941,1
cs0001275,0
cs0002862,0
cs0002282,0
cs0001598,1
cs0002701,0
cs0001574,0
cs0002996,1
cs0001113,0
cs0002365,1
cs0003008,0
cs000517,0
cs0003351,1
cs0003076,0
cs000618,0
cs0001107,0
cs000719,0
cs0003180,0
cs0002111,0
cs0002213,0
cs000927,0
cs0001140,0
cs000146,0
cs000211,0
cs000265,0
cs0002612,1
cs000103,0
cs0001611,0
cs000866,0
cs0002463,1
cs0001492,1
cs0002207,1
cs0002802,1
cs0002538,0
cs000316,0
cs000188,1
cs0003158,0
cs0001011,0
cs0001927,0
cs0003222,1
cs0001816,1
cs0009,0
cs0001228,0
cs0001651,1
cs0003131,0
cs000312,1
cs000936,0
cs000553,0
cs0002580,1
cs0002967,1
cs000415,0
cs0003367,0
cs0001315,1
cs000991,1
cs000280,0
cs000229,0
cs000419,0
cs000454,1
cs0001722,1
cs0001488,1
cs0001965,1
cs0001019,0
cs0001103,0
cs000572,0
cs000360,1
cs00046,0
cs000196,0
cs0002492,0
cs0001439,0
cs0002088,1
cs0001331,0
cs0001073,0
cs000495,1
cs0002360,1
cs0001444,1
cs0001312,0
cs000261,1
cs000550,1
cs000471,0
cs0001658,1
cs0001014,0
cs0001472,0
cs0002884,0
cs0003278,0
cs000187,1
cs0002849,0
cs0003021,1
cs0002720,1
cs0002520,0
cs0001068,0
cs000578,0
cs0001290,0
cs000307,0
cs0001585,0
cs000878,0
cs0002867,0
cs0002277,1
cs0002132,0
cs0003198,0
cs000610,1
cs0002729,1
cs0003181,0
cs0002312,1
cs0002257,1
cs000519,1
cs0002002,0
cs0002860,0
cs0001718,0
cs0002760,1
cs0001300,0
cs0002964,1
cs0003050,1
cs0001693,0
cs0003145,0
cs0002425,0
cs000820,1
cs000815,1
cs0003013,0
cs0002408,0
cs0002629,1
cs000469,1
cs0002092,0
cs000819,0
cs0002367,1
cs0001551,1
cs0001794,1
cs0003095,0
cs0001006,0
cs000694,1
cs0002832,0
cs0001039,1
cs0002000,1
cs000345,0
cs000659,1
cs000885,0
cs0002168,0
cs000507,1
cs000913,1
cs000251,1
cs0001811,0
cs0001040,1
cs0003266,0
cs0002407,1
cs000576,0
cs0003007,0
cs0002836,1
cs0002122,1
cs0001883,1
cs00037,0
cs000847,1
cs000811,1
cs000703,0
cs0002955,0
cs000207,0
cs0002034,1
cs000147,1
cs000986,0
cs000987,0
cs000634,0
cs0003296,0
cs0002639,0
cs000433,1
cs0001129,1
cs000173,0
cs000755,0
cs0002352,0
cs00032,1
cs000806,0
cs0001369,0
cs0002098,0
cs0002023,0
cs0003356,1
cs0001914,0
cs00040,1
cs0001207,1
cs0002420,0
cs0001176,0
cs0002807,0
cs0001386,1
cs000681,1
cs0003164,1
cs000921,0
cs0001064,0
cs0001954,1
cs0001437,0
cs0002803,0
cs0002697,0
cs000953,0
cs0001212,1
cs000573,1
cs0002334,0
cs0001201,1
cs0002504,1
cs0002080,1
cs0003024,0
cs0001649,0
cs0001457,0
cs0001647,0
cs0002875,1
cs0001277,1
cs0002511,0
cs000421,1
cs0001528,0
cs0001853,0
cs0002190,0
cs0002192,0
cs0002006,1
cs000259,1
cs0001906,0
cs000438,0
cs0001764,0
cs0001772,1
cs0001758,0
cs0002225,0
cs0003083,0
cs0002595,1
cs0002081,1
cs0002819,1
cs0001105,0
cs0002648,0
cs0003172,0
cs000534,1
cs000239,0
cs0001367,0
cs000730,1
cs000195,1
cs0002710,0
cs000439,0
cs0001257,1
cs000388,1
cs0001028,0
cs0001500,1
cs0002009,1
cs0002401,1
cs0003142,0
cs0002972,0
cs0002522,0
cs0002161,0
cs0001419,1
cs0001898,0
cs000475,1
cs0002585,0
cs000835,0
cs0002963,0
cs0001364,0
cs0002281,1
cs0001650,1
cs000216,1
cs000680,1
cs000615,1
cs000696,1
cs0003129,1
cs00081,0
cs0001674,1
cs0002687,0
cs0001164,0
cs0002684,1
cs0001179,1
cs0002245,0
cs0002539,0
cs000328,1
cs0002795,0
cs000826,1
cs000744,0
cs0001231,1
cs0003280,1
cs000812,1
cs0001427,1
cs000750,0
cs0001415,0
cs000488,0
cs0001771,0
cs000428,0
cs000155,0
cs0001411,0
cs0003165,0
cs000932,1
cs000651,0
cs0001096,1
cs0002104,1
cs0002406,0
cs0001509,0
cs0001050,1
cs000131,0
cs000111,0
cs0002582,0
cs0002566,1
cs0001547,1
cs0001082,0
cs000734,1
cs0003306,1
cs0001211,0
cs0001490,0
cs0002336,0
cs000934,1
cs0002229,1
cs00012,1
cs0002797,1
cs000831,0
cs000993,0
cs0002699,1
cs0003275,0
cs0002597,1
cs0001802,0
cs0003177,0
cs0001075,0
cs0001219,0
cs0002780,1
cs0003106,1
cs0002788,0
cs0003226,1
cs0002826,0
cs0002485,1
cs0002018,0
cs0002110,0
cs000829,1
cs0002770,0
cs0001580,1
cs000142,1
cs0001507,1
cs000948,0
cs000225,1
cs0002716,1
cs0003150,0
cs0001161,1
cs0002554,0
cs0002852,1
cs000824,0
cs0002060,0
cs0001418,0
cs0002919,1
cs0002121,0
cs000440,0
cs000306,1
cs000673,1
cs0002461,0
cs0001742,1
cs000417,1
cs000837,0
cs000817,1
cs0001029,0
cs00056,0
cs0001875,1
cs0002139,0
cs0001603,0
cs00089,1
cs0001126,1
cs0002937,0
cs0002095,1
cs0002498,1
cs000931,1
cs0001220,1
cs0002870,0
cs0003038,0
cs0002871,1
cs0002621,1
cs0002468,0
cs0001948,1
cs0001253,1
cs0001695,0
cs0003094,1
cs0003054,1
cs0001395,0
cs0001308,0
cs0002924,0
cs000234,0
cs000205,0
cs0002853,1
cs0002200,0
cs0003116,0
cs0001416,1
cs0002437,0
cs0002842,0
cs00067,0
cs0003294,0
cs0001003,0
cs0002642,1
cs0002540,0
cs000338,1
cs0002304,0
cs0003079,0
cs0002823,0
cs0002,1
cs0002439,0
cs000347,0
cs0003123,1
cs000245,0
cs0001167,1
cs0001009,0
cs0003118,0
cs0001016,0
cs000492,0
cs0002022,0
cs00031,0
cs0001689,0
cs0001637,1
cs0003219,0
cs0002773,1
cs0002995,0
cs0001727,0
cs0002171,1
cs0002311,0
cs000298,0
cs0003144,1
cs00049,0
cs0003043,0
cs00021,1
cs0001548,0
cs0001487,0
cs000413,1
cs0001559,1
cs0001949,0
cs000139,0
cs000624,0
cs0002613,1
cs0001061,0
cs0001582,0
cs00035,1
cs0003252,1
cs000444,0
cs0001675,0
cs0001117,1
cs0002985,0
cs0003003,0
cs0001099,0
cs0002537,0
cs0001452,1
cs0003122,1
cs0002047,0
cs0002196,0
cs0002675,1
cs000751,1
cs0002432,0
cs0002061,0
cs0001156,1
cs0001656,1
cs0001171,0
cs0002474,1
cs0003113,0
cs0003206,0
cs000686,0
cs0002920,0
cs00025,1
cs0001067,0
cs0003267,1
cs00028,0
cs000455,0
cs0001701,1
cs0002446,0
cs0001921,0
cs0001254,1
cs000967,1
cs0003026,1
cs000668,0
cs000758,1
cs0001848,0
cs0001555,1
cs000792,0
cs0002638,0
cs0003002,1
cs000731,1
cs0001089,1
cs0003321,0
cs000937,0
cs000526,1
cs0002912,1
cs000616,0
cs0001522,0
cs0003029,0
cs0001839,1
cs0001112,0
cs0001262,1
cs000232,0
cs000711,0
cs0001469,0
cs000858,0
cs000814,1
cs0002705,0
cs0001669,0
cs0001015,0
cs0001776,0
cs0002007,0
cs000561,0
cs0003091,1
cs000881,1
cs0001440,0
cs0002901,0
cs000848,0
cs0001941,1
cs0002508,0
cs0003075,0
cs0001912,0
cs00038,0
cs000613,0
cs0002050,0
cs0002568,0
cs000630,1
cs0003225,1
cs0002051,0
cs000403,0
cs0001287,1
cs0002223,0
cs000980,0
cs000753,0
cs000528,0
cs0001909,0
cs0003154,0
cs000170,1
cs000708,1
cs0002467,1
cs0002389,0
cs000665,0
cs0001459,0
cs0003256,0
cs0001376,1
cs0003073,1
cs000121,1
cs0001499,0
cs000715,0
cs0002473,1
cs000257,0
cs0002576,1
cs0001046,1
cs0002721,0
cs0001595,0
cs0002604,0
cs0003300,0
cs0002746,1
cs0001877,0
cs0001546,0
cs0002368,0
cs000172,1
cs0001917,0
cs000497,1
cs0002152,1
cs0001276,1
cs000124,0
cs000918,1
cs0003132,1
cs0001928,0
cs0001166,1
cs0001412,1
cs0002278,1
cs0002892,1
cs0001474,0
cs000201,0
cs0001316,0
cs000460,1
cs0001268,1
cs0003182,0
cs0002066,0
cs0001151,0
cs000541,0
cs0002033,0
cs0002354,0
cs0002562,0
cs000644,1
cs000357,0
cs0003178,0
cs0002449,0
cs0001093,1
cs0002526,0
cs000587,0
cs0001336,0
cs0002356,0
cs000983,1
cs0002603,0
cs0003062,0
cs0002944,1
cs0002578,0
cs0001618,0
cs0003236,0
cs000560,1
cs0001916,0
cs000598,1
cs0002975,1
cs0001706,1
cs0001174,0
cs0003292,1
cs0001021,0
cs0002942,0
cs0002180,0
cs0002248,0
cs0002786,1
cs0003277,0
cs000472,0
cs0001831,1
cs0001041,0
cs0001078,0
cs000425,0
cs0003138,0
cs0002876,0
cs000793,1
cs00043,1
cs0001953,0
cs0002390,1
cs0001633,0
cs0001530,1
cs0003366,1
cs0002662,0
cs0002881,1
cs000679,1
cs000254,0
cs0002105,0
cs0002741,1
cs0001022,0
cs00065,0
cs0002021,1
cs0001756,0
cs000672,0
cs0003028,1
cs0002101,0
cs0002214,1
cs000924,0
cs0001944,0
cs0002602,0
cs0001260,0
cs0002528,0
cs0003342,1
cs0001801,1
cs0003287,0
cs0002997,0
cs000606,0
cs0001417,0
cs000244,1
cs0002383,0
cs000777,1
cs0002857,1
cs0003254,1
cs0002628,0
cs000761,1
cs0001085,0
cs000707,0
cs0001729,0
cs0001504,0
cs000850,1
cs0001535,1
cs0001990,1
cs0001849,0
cs0002556,0
cs00077,0
cs000794,0
cs0001506,0
cs000995,0
cs00057,1
cs0001970,1
cs0001926,0
cs0003086,1
cs0003119,0
cs000466,0
cs0002503,0
cs0002653,0
cs0001854,1
cs0002267,0
cs000775,0
cs0001058,1
cs0002128,0
cs0001817,1
cs000511,0
cs0003103,0
cs0001961,1
cs0002429,1
cs000714,1
cs000453,0
cs0002583,1
cs0002127,0
cs0003152,0
cs0003137,1
cs0002723,1
cs0001541,1
cs0001586,1
cs0001554,0
cs0001550,0
cs000333,0
cs0002442,0
cs0001456,0
cs0002453,1
cs0002896,0
cs0002120,0
cs0001288,0
cs0001302,0
cs0001612,1
cs000627,0
cs0002608,1
cs000237,0
cs0001403,0
cs0001511,1
cs000700,0
cs0002969,1
cs000901,1
cs0001074,1
cs0001815,1
cs000873,0
cs0001172,1
cs0002234,0
cs0001847,0
cs0002386,0
cs0002380,1
cs0002193,1
cs000235,0
cs000267,0
cs0001311,1
cs000321,0
cs000350,0
cs000575,0
cs0001273,0
cs000468,0
cs0001433,0
cs0002170,1
cs000875,0
cs000263,1
cs000120,0
cs0002044,0
cs0001777,1
cs0003231,1
cs0002563,1
cs0001842,1
cs0001588,0
cs000482,0
cs0002589,0
cs0001338,0
cs00015,0
cs000649,1
cs000289,0
cs000920,0
cs0002416,1
cs000545,0
cs0001567,1
cs0001866,1
cs0001808,1
cs0003162,1
cs0001608,0
cs0001430,1
cs000639,0
cs000727,0
cs000387,0
cs0001615,0
cs0003308,0
cs000717,0
cs00094,0
cs000149,1
cs0002986,0
cs0002974,0
cs0001977,1
cs0002084,0
cs0001919,1
cs0001282,0
cs0001529,1
cs000586,0
cs0003066,1
cs0002298,0
cs000772,0
cs0001313,1
cs000647,1
cs0003130,1
cs0002605,1
cs000210,1
cs0002988,0
cs0001296,0
cs0002725,0
cs000886,0
cs0002302,0
cs0002846,0
cs0003082,0
cs0001080,0
cs0003227,0
cs000608,0
cs0003107,0
cs0003070,0
cs0002313,1
cs0001804,0
cs0002828,1
cs0003098,0
cs0002883,0
cs000860,0
cs0002470,0
cs000768,1
cs0002107,1
cs0002387,0
cs000808,0
cs0002431,0
cs0001497,1
cs000119,1
cs0002865,0
cs0003297,0
cs000301,0
cs000159,1
cs000461,1
cs0002792,0
cs0001754,0
cs0003080,0
cs0002131,1
cs0001602,0
cs000145,1
cs0001246,0
cs000284,1
cs0003023,0
cs0003056,0
cs0003004,0
cs0001823,0
cs0001299,0
cs0003108,0
cs0001913,0
cs000726,0
cs0001940,0
cs000231,0
cs0001781,0
cs000846,1
cs0002317,0
cs000856,0
cs000498,0
cs0001621,0
cs0001828,0
cs0001463,1
cs000574,0
cs0002077,0
cs0001788,1
cs000861,1
cs0003187,1
cs0001451,1
cs000220,1
cs000760,1
cs0003251,1
cs000964,0
cs000962,0
cs0002649,0
cs0002146,0
cs000279,1
cs000206,1
cs000742,1
cs0002829,1
cs0002962,0
cs000655,0
cs0001579,0
cs000557,1
cs0001483,0
cs000326,1
cs00036,1
cs0001195,1
cs000374,0
cs000691,0
cs000767,1
cs0002233,0
cs0002916,0
cs000797,0
cs0002524,0
cs0001084,0
cs0002130,0
cs0001238,0
cs0001173,0
cs0002048,0
cs000947,0
cs000911,1
cs0001178,0
cs0003302,1
cs0002561,1
cs000105,0
cs0003238,0
cs0002482,1
cs000805,1
cs0001283,0
cs000310,0
cs000674,0
cs000637,0
cs0003033,0
cs0001111,0
cs000617,0
cs0001573,1
cs000420,0
cs0003189,0
cs0002075,0
cs0002737,0
cs000153,0
cs000786,0
cs0003104,0
cs0003363,0
cs0001818,1
cs0003128,0
cs0003011,0
cs0003175,0
cs000661,0
cs0001975,0
cs0002201,1
cs0002217,1
cs0002814,0
cs0001666,1
cs0001071,1
cs0003318,0
cs0002858,0
cs0002800,0
cs0001830,1
cs0002271,1
cs000177,0
cs0002636,0
cs0002885,1
cs0003157,0
cs0001889,0
cs0002984,0
cs0002031,0
cs0002285,0
cs0002709,0
cs0001894,0
cs0002732,0
cs000271,0
cs0001002,0
cs0001486,0
cs0002464,0
cs000193,0
cs0002706,0
cs0003343,0
cs0003047,1
cs0001955,0
cs0001538,0
cs0002601,1
cs0001000,0
cs0002397,0
cs0002748,1
cs0001810,0
cs000256,1
cs00064,0
cs0001347,0
cs0002012,0
cs0002421,1
cs000791,0
cs0001962,1
cs0002195,0
cs00069,0
cs0002617,0
cs0002502,0
cs0001904,0
cs000968,1
cs0002001,0
cs0002513,0
cs000621,0
cs000134,0
cs00019,0
cs0001402,1
cs000687,0
cs0001746,1
cs0002782,0
cs0001855,0
cs0001759,1
cs0001059,1
cs0001543,0
cs0001856,1
cs0002652,0
cs000351,1
cs0001691,0
cs0002738,0
cs0003331,1
cs000857,0
cs0002859,1
cs0001217,0
cs000366,1
cs000653,0
cs000713,1
cs0002861,0
cs0002162,0
cs000487,1
cs0002535,1
cs000840,1
cs0001639,1
cs000542,1
cs0002747,1
cs000151,1
cs000972,1
cs0001286,0
cs0002384,1
cs0003253,1
cs000779,0
cs0002029,1
cs000763,0
cs0002147,1
cs0002363,1
cs0002698,0
cs00041,0
cs000571,1
cs000790,1
cs0001825,0
cs0001672,0
cs0001363,0
cs0001556,1
cs000185,0
cs0001785,0
cs0002108,0
cs0001596,1
cs0001221,0
cs0001278,0
cs000449,0
cs0002571,0
cs0003257,0
cs000723,1
cs0002915,1
cs000879,0
cs0002577,1
cs000593,0
cs000485,1
cs000344,1
cs000107,0
cs0001325,0
cs000395,0
cs0001357,0
cs0002469,0
cs000958,1
cs0001139,0
cs0002488,0
cs0001373,0
cs0002592,1
cs0001008,0
cs0002028,0
cs0002620,0
cs0001274,1
cs000240,0
cs000157,1
cs0001037,1
cs000910,0
cs0001887,1
cs000384,1
cs000214,0
cs0002186,0
cs000882,1
cs0002533,0
cs0001095,0
cs000930,0
cs0003301,0
cs0001699,0
cs000737,0
cs0001135,0
cs000816,0
cs000221,0
cs0002714,0
cs000788,1
cs0002452,1
cs000287,0
cs000522,0
cs000281,1
cs0002366,0
cs0001687,0
cs000949,0
cs000789,1
cs0002280,1
cs000300,0
cs0003285,0
cs000628,0
cs000716,0
cs0002411,1
cs000877,1
cs0002688,1
cs0001324,0
cs0002811,1
cs0002708,0
cs0001081,1
cs0001088,0
cs00034,0
cs0001245,0
cs0002325,1
cs0003067,1
cs0001383,1
cs000126,1
cs0003233,0
cs0002718,0
cs000320,0
cs000491,1
cs0002118,0
cs0001318,1
cs0001448,1
cs000602,0
cs0002610,1
cs0002953,1
cs000501,0
cs000912,0
cs0001845,0
cs0002129,0
cs0002435,0
cs0002722,1
cs000489,0
cs000304,1
cs0002238,0
cs0003371,0
cs0003168,1
cs0003196,1
cs0002456,1
cs0002734,0
cs0003160,1
cs0003114,0
cs000467,1
cs0001004,0
cs0003239,1
cs0001102,0
cs000974,1
cs00027,0
cs000971,0
cs0003290,0
cs0001187,1
cs000675,0
cs0001263,1
cs0002680,0
cs0003205,1
cs0001252,0
cs0002116,0
cs0002830,1
cs000144,0
cs0001545,1
cs0002385,0
cs0001640,1
cs0002337,0
cs000746,0
cs0001301,0
cs0001159,1
cs000754,1
cs0001862,1
cs0001092,0
cs000646,0
cs000123,1
cs0002753,0
cs000191,0
cs0002037,0
cs0001190,0
cs000349,0
cs000903,1
cs0002762,0
cs00033,1
cs0002531,0
cs00070,1
cs0002296,1
cs000399,0
cs000532,0
cs000106,1
cs0002458,0
cs000269,1
cs000721,1
cs000952,0
cs000802,0
cs0003146,0
cs000276,1
cs0001352,1
cs0002143,0
cs0001558,0
cs0001204,1
cs0002194,1
cs000904,0
cs0001570,0
cs000294,1
cs0003209,0
cs0002403,1
cs000818,0
cs00050,0
cs0001122,1
cs000494,1
cs0001261,0
cs0002179,0
cs0001214,1
cs0003362,1
cs0001698,0
cs0001494,1
cs0003289,0
cs000378,0
cs0001736,0
cs0001359,0
cs0001251,1
cs0001893,1
cs000770,0
cs0003048,0
cs000683,0
cs0001180,1
cs0002273,0
cs0002091,0
cs0001760,1
cs0001850,0
cs0003184,1
cs0001876,0
cs000735,0
cs000503,0
cs0002574,0
cs0002183,0
cs000710,1
cs0002206,1
cs0002328,0
cs0001983,1
cs0001114,0
cs0002818,1
cs0001939,0
cs0001175,0
cs0001027,1
cs0003053,0
cs0002149,1
cs0001259,1
cs0002422,1
cs000539,1
cs0001272,0
cs0001609,1
cs0001751,0
cs000979,0
cs0002570,0
cs000398,1
cs000747,0
cs0002615,0
cs0002933,0
cs00039,0
cs0001232,0
cs0002677,1
cs0001641,0
cs000566,1
cs0002889,1
cs000951,1
cs000377,0
cs0002893,0
cs0002928,0
cs000890,0
cs0003309,0
cs0001774,1
cs0002144,1
cs000839,0
cs0003325,0
cs0002353,1
cs0002472,0
cs0002838,1
cs0003025,0
cs0002067,0
cs0003155,1
cs000596,1
cs0002448,0
cs0001628,1
cs0001998,0
cs000778,0
cs0002856,0
cs0001863,0
cs0002010,0
cs0001867,0
cs0003208,0
cs000781,1
cs0002297,1
cs0002979,0
cs000863,0
cs0001057,0
cs0002100,1
cs0002682,0
cs0002318,1
cs000409,1
cs00054,0
cs000122,1
cs0003320,0
cs0002686,1
cs0001632,0
cs00010,0
cs0002694,1
cs0001235,0
cs0002319,0
cs0001304,1
cs0001527,0
cs0003379,0
cs0003174,0
cs0002187,0
cs0003293,1
cs0001677,0
cs0001915,0
cs0001119,1
cs000832,1
cs0003032,0
cs0002541,0
cs0003147,0
cs0002599,1
cs0001083,1
cs0001800,0
cs000264,0
cs0002731,0
cs0002633,0
cs000548,0
cs000340,1
cs0002466,0
cs000841,0
cs0003203,1
cs0001335,1
cs0001150,0
cs0002880,1
cs000756,0
cs0002530,1
cs000222,1
cs000319,0
cs0002569,1
cs000583,0
cs0001735,1
cs0003269,0
cs000368,0
cs000682,0
cs0003224,1
cs000434,1
cs0001910,0
cs000401,0
cs0003173,1
cs0001963,0
cs0001310,0
cs0002378,0
cs0002545,0
cs0003009,0
cs0002643,1
cs0001462,0
cs0001571,1
cs0002142,0
cs0002837,1
cs000994,1
cs000504,1
cs0003185,0
cs0001968,0
cs0002685,0
cs0002241,0
cs0002902,0
cs0002476,1
cs0002166,0
cs0002239,0
cs0001732,1
cs0002759,1
cs0003255,1
cs000166,1
cs0001026,1
cs0002558,1
cs000451,0
cs000104,1
cs0001353,0
cs000178,1
cs000865,1
cs0001899,1
cs0002175,1
cs0002739,0
cs000759,0
cs0001789,1
cs000422,0
cs0002999,1
cs0001189,1
cs0003031,1
cs0002552,1
cs000738,0
cs0003117,0
cs0001791,0
cs000164,0
cs0002052,0
cs0002637,0
cs0002235,0
cs0001087,1
cs0002810,0
cs0001945,0
cs0001010,1
cs0002779,0
cs0003078,0
cs0001616,0
cs0002521,1
cs0002400,0
cs0002026,0
cs000203,1
cs0001406,0
cs0003019,0
cs0001131,1
cs0002393,0
cs0001549,0
cs000297,1
cs0001380,1
cs000940,0
cs000565,1
cs0002409,0
cs0002790,0
cs0002663,0
cs0002016,1
cs000375,1
cs0001844,0
cs0001481,0
cs000275,1
cs0002094,0
cs000367,0
cs0001860,1
cs000252,0
cs0002347,1
cs0001796,0
cs000823,1
cs0001291,0
cs0002487,0
cs000546,1
cs0001952,0
cs0002740,0
cs0001199,0
cs000452,1
cs0001349,0
cs0001679,0
cs0003373,0
cs0002516,0
cs0002712,1
cs0002259,0
cs0001184,0
cs0002308,0
cs0002596,0
cs0002083,0
cs000580,0
cs000296,0
cs000293,0
cs0001514,1
cs0001757,0
cs0002815,0
cs0001820,1
cs0001505,0
cs0002419,0
cs000973,1
cs0002952,0
cs0001007,1
cs0002518,0
cs0002294,0
cs0001426,0
cs0002567,1
cs0002250,1
cs000984,0
cs0003339,1
cs0002742,1
cs0001895,0
cs0003040,0
cs000112,0
cs000427,0
cs0002627,0
cs0001607,0
cs0002882,0
cs000919,1
cs0001518,1
cs0002481,0
cs0001564,0
cs000551,0
cs000798,1
cs0001724,1
cs0003322,0
cs0001643,0
cs0002598,1
cs0001404,0
cs0001366,0
cs0001924,0
cs0002827,1
cs0001890,0
cs0001938,1
cs0002736,1
cs0001035,0
cs000474,0
cs00011,1
cs0003304,0
cs0001696,0
cs0001250,0
cs000382,0
cs0002798,0
cs0001622,0
cs0001690,0
cs0002167,1
cs0001960,0
cs00052,0
cs000230,0
cs0002260,0
cs0002946,0
cs0002329,0
cs0001115,1
cs0002013,1
cs0002968,1
cs000923,1
cs000291,1
cs000523,1
cs000391,1
cs0001018,0
cs000945,0
cs0001523,0
cs0002430,1
cs0003372,1
cs0001709,1
cs0001390,1
cs000156,1
cs0001623,0
cs0002293,1
cs0001770,1
cs000988,0
cs0001229,0
cs0002641,0
cs0002894,0
cs000609,0
cs0003333,0
cs0001476,0
cs0002096,0
cs0001498,0
cs000874,0
cs0002163,1
cs0002005,0
cs000809,0
cs0002490,0
cs0001182,0
cs0003259,0
cs0003136,1
cs000942,0
cs000678,0
cs0001442,0
cs0002141,1
cs0003089,0
cs0001812,1
cs000642,0
cs000160,1
cs0001356,0
cs000148,0
cs0001534,0
cs0002854,1
cs0001721,1
cs0002078,0
cs0001870,0
cs0002847,1
cs0002938,0
cs0002444,1
cs000369,0
cs0001841,0
cs0003244,1
cs0002809,1
cs000506,0
cs000838,0
cs0001705,0
cs0001484,0
cs0002394,0
cs000740,1
cs000397,0
cs0003010,0
cs000783,1
cs0001247,1
cs0002666,1
cs000418,0
cs000243,1
cs000362,0
cs00097,0
cs000448,0
cs00068,1
cs000905,0
cs0001475,1
cs000336,0
cs0003279,0
cs0001703,1
cs0001334,0
cs0002287,1
cs0003332,0
cs0003200,0
cs0002099,0
cs0003121,0
cs0001203,1
cs0003195,0
cs000898,1
cs000632,0
cs0001124,1
cs0002970,0
cs000590,0
cs000869,0
cs000625,1
cs000330,0
cs0003281,0
cs0002137,1
cs0003167,1
cs0002102,1
cs0001587,1
cs0002351,0
cs0002536,0
cs0001806,1
cs0001624,1
cs0002417,0
cs0001731,0
cs0002690,0
cs000392,0
cs0001020,1
cs0002182,1
cs0002812,0
cs0002117,1
cs0002174,1
cs0003313,1
cs000871,0
cs0001752,0
cs0001381,1
cs0002724,0
cs0003092,1
cs0002222,0
cs000733,0
cs0001826,0
cs0002640,1
cs0002635,1
cs0002093,1
cs000473,1
cs0001142,0
cs000315,0
cs000909,0
cs000654,0
cs0003081,0
cs000939,1
cs0001605,1
cs000236,0
cs0003215,0
cs0001620,0
cs0001852,1
cs0002053,0
cs000752,1
cs000764,0
cs0001716,1
cs000317,0
cs000410,0
cs000208,0
cs0001127,0
cs0002330,0
cs0002226,0
cs0002998,0
cs000128,0
cs0003246,0
cs000884,0
cs0003012,0
cs000113,0
cs0002922,0
cs0002251,1
cs0001762,1
cs0002340,0
cs0002632,0
cs0003161,1
cs0001,0
cs000757,1
cs0002140,1
cs0001141,0
cs00080,0
cs000342,0
cs000486,0
cs0001560,1
cs0002805,1
cs0001950,0
cs0003069,0
cs000685,1
cs0002445,0
cs0001655,1
cs0001636,1
cs0002873,0
cs0003220,1
cs000601,1
cs0002440,0
cs0001858,0
cs0001834,1
cs0001340,1
cs0002844,0
cs0002156,0
cs0002926,0
cs0001694,1
cs0001992,0
cs000169,0
cs0002542,1
cs0002500,0
cs0001467,0
cs000641,0
cs0002424,0
cs000465,0
cs0002202,0
cs0001227,0
cs0001230,0
cs000137,1
cs000285,1
cs0002665,0
cs000853,0
cs000135,0
cs000966,0
cs0001206,0
cs0002415,1
cs0001025,1
cs0002879,0
cs0003348,0
cs00075,0
cs000899,1
cs0002840,0
cs00016,0
cs0001495,0
cs0001925,1
cs000535,0
cs0002030,0
cs0002940,1
cs000218,0
cs0002486,0
cs0003017,0
cs0002579,0
cs0003223,0
cs0001740,0
cs0002265,0
cs000323,1
cs0002917,1
cs0001937,1
cs00078,0
cs000638,1
cs0003110,0
cs0003241,0
cs000813,1
cs0002661,0
cs000199,0
cs0002361,0
cs0001985,0
cs000508,0
cs000383,0
cs0003316,0
cs0003264,1
cs0001792,0
cs0002910,1
cs0001136,0
cs0002909,0
cs0001332,1
cs000724,1
cs0001613,0
cs000970,0
cs0002590,1
cs0001686,0
cs0002512,0
cs0001683,1
cs00071,0
cs0002270,0
cs000577,1
cs0001266,0
cs0001829,0
cs000143,0
cs0002764,0
cs00051,0
cs00088,0
cs0001309,1
cs0002945,1
cs0003360,1
cs000273,0
cs0003270,0
cs000190,0
cs0003018,0
cs0002059,1
cs000386,0
cs000114,0
cs000736,0
cs0002495,0
cs0001803,1
cs0002428,0
cs0002268,0
cs0002041,0
cs00085,0
cs000318,0
cs000604,0
cs0001271,0
cs0003368,1
cs000423,0
cs0001079,0
cs000588,1
cs000496,1
cs0001319,1
cs0003283,0
cs0002866,0
cs000272,1
cs0002527,1
cs0003234,1
cs000640,0
cs0002205,0
cs0002843,1
cs000676,1
cs0002414,1
cs0002559,1
cs000864,0
cs0001482,0
cs0001814,0
cs0001388,0
cs000969,0
cs0001485,0
cs000286,1
cs0001460,1
cs0001435,0
cs0002004,0
cs0002136,0
cs0002412,0
cs000955,1
cs0008,1
cs0002491,1
cs000406,1
cs0003202,0
cs0002625,0
cs000894,0
cs0002017,0
cs0002532,0
cs0002377,1
cs0002036,1
cs0001239,1
cs0003141,1
cs0002553,1
cs0002899,1
cs0002335,1
cs0001042,1
cs000563,1
cs000784,1
cs0002125,0
cs0001713,0
cs0001813,1
cs0002331,1
cs0003151,1
cs0001428,0
cs0003159,0
cs0002611,1
cs0001108,0
cs000354,1
cs0002927,0
cs0001098,0
cs0002750,0
cs000127,0
cs0002462,0
cs0002479,1
cs0001903,0
cs000592,1
cs0001054,0
cs0002783,0
cs0003240,0
cs0001425,1
cs000442,1
cs0003059,1
cs0001780,1
cs0002064,0
cs000308,0
cs0001408,0
cs0003375,0
cs000295,0
cs000946,0
cs000880,1
cs0001455,0
cs0003232,1
cs000699,1
cs0002224,0
cs0002507,0
cs0001121,0
cs0001409,1
cs0002575,0
cs0002150,0
cs0002888,1
cs0003312,1
cs0002210,1
cs0002020,0
cs0001838,0
cs0002054,1
cs0001306,0
cs0002696,1
cs0003357,0
cs0001969,0
cs000479,1
cs0003148,0
cs000426,1
cs0002115,0
cs0002777,0
cs0001594,0
cs0001181,1
cs0003207,0
cs000437,0
cs0002153,1
cs0003014,0
cs0001471,1
cs000353,1
cs0001047,1
cs0001233,0
cs000356,1
cs0002715,0
cs000614,0
cs000435,1
cs0002519,1
cs000182,1
cs0002784,1
cs0002821,0
cs0001371,0
cs0002348,0
cs0002961,1
cs000125,0
cs0003057,0
cs0002549,1
cs0002460,0
cs000313,0
cs0003101,0
cs000842,0
cs0002776,1
cs0001993,1
cs0002707,0
cs00093,1
cs0001284,0
cs0001988,0
cs0002483,0
cs000547,0
cs000589,0
cs0001285,1
cs0002681,1
cs000803,1
cs000224,0
cs0001654,1
cs000925,0
cs0001819,0
cs000481,0
cs000741,1
cs0003361,0
cs0002109,0
cs0002565,0
cs0001158,1
cs0002395,0
cs0001077,0
cs000938,1
cs000701,0
cs0001646,0
cs0003364,1
cs0002977,0
cs0001145,0
cs000828,0
cs0002055,1
cs0002283,0
cs0002382,1
cs0003097,0
cs0003049,0
cs0001610,0
cs0001575,0
cs0002704,1
cs00076,0
cs0003134,0
cs0001999,0
cs0003042,0
cs000400,0
cs0001908,1
cs0001521,1
cs000459,0
cs0003327,0
cs000463,1
cs0001783,0
cs0001593,0
cs0003126,0
cs000512,0
cs0003125,0
cs000702,1
cs0002003,1
cs0001091,1
cs0001355,0
cs000933,0
cs0002236,0
cs0002454,1
cs0002086,0
cs000997,0
cs0002900,1
cs0001668,0
cs000975,0
cs0002588,0
cs0001398,0
cs0003323,0
cs0002405,0
cs0003335,0
cs000102,1
cs0003263,0
cs0002793,1
cs0002992,0
cs000663,1
cs0001769,1
cs0003336,1
cs0002303,0
cs0002591,1
cs0001379,1
cs0001044,1
cs000322,1
cs0003282,0
cs0002667,0
cs0002295,1
cs0001216,0
cs0001034,1
cs0001663,0
cs00045,1
cs0001215,1
cs0002090,1
cs000405,0
cs0003326,1
cs0001531,1
cs000228,1
cs000509,0
cs0003376,1
cs000749,0
cs0001339,0
cs0001710,0
cs0001865,1
cs0003170,0
cs0001671,0
cs0001209,0
cs0002320,1
cs0001661,0
cs000341,0
cs000926,1
cs0001846,0
cs0002471,1
cs0001681,0
cs0001809,0
cs0001361,0
cs0002148,1
cs0002656,0
cs0002929,0
cs000408,1
cs0003250,0
cs0003315,1
cs0001662,1
cs0001225,0
cs000175,0
cs0002477,0
cs000581,1
cs0001782,1
cs00014,0
cs0003298,1
cs0002959,0
cs0002817,0
cs000116,0
cs0001269,0
cs000656,1
cs000118,0
cs0002813,1
cs0001055,0
cs0002376,0
cs0002049,1
cs0002874,0
cs0001345,0
cs000769,0
cs0002097,0
cs000364,0
cs0002057,1
cs0002288,0
cs0002983,1
cs0002404,1
cs0001294,1
cs0001739,0
cs0001399,1
cs0003286,0
cs0003099,0
cs000667,0
cs0002774,0
cs0001597,0
cs000773,0
cs0002165,0
cs000584,0
cs000907,0
cs0002976,0
cs0002072,0
cs0003115,0
cs0001974,0
cs0003216,1
cs0001824,1
cs000277,0
cs0002164,0
cs0002042,0
cs0002607,1
cs0002339,0
cs0001405,0
cs000424,1
cs0002113,0
cs0002756,0
cs0001795,0
cs0001987,0
cs000611,1
cs0001255,1
cs0001600,1
cs0001248,0
cs0002935,0
cs0002939,0
cs00072,0
cs0002550,1
cs000657,0
cs0003311,0
cs0003303,0
cs000250,1
cs0001337,0
cs000795,0
cs0003370,0
cs0001445,0
cs000194,0
cs000892,1
cs0002252,1
cs0001441,1
cs0002341,1
cs0001191,0
cs0002256,0
cs0002863,0
cs00098,1
cs0001370,0
cs0003102,0
cs0003005,0
cs0002702,0
cs000278,0
cs0001032,0
cs0001978,0
cs0002593,1
cs0002839,0
cs0003046,1
cs0002305,0
cs000359,0
cs0002624,0
cs0003338,1
cs0001857,0
cs0003314,0
cs000876,1
cs0003127,1
cs0001240,0
cs0001767,1
cs0002135,1
cs0002123,0
cs0001843,0
cs0003330,0
cs000167,1
cs00086,1
cs0001905,0
cs0002039,0
cs0001660,1
cs000480,0
cs0002315,0
cs0001133,1
cs0002644,1
cs0001648,1
cs000394,1
cs000631,0
cs0002279,0
cs00017,1
cs0001991,0
cs0001387,0
cs0002664,0
cs0002515,0
cs0003065,1
cs000458,1
cs0001360,1
cs0001489,0
cs0001708,1
cs000867,1
cs0002188,0
cs000379,0
cs0001659,1
cs0002045,0
cs0002038,0
cs0002877,0
cs0001372,1
cs0002070,0
cs00030,0
cs000725,1
cs0002240,1
cs0003221,1
cs0002791,0
cs000429,1
cs00018,1
cs0001422,1
cs00063,0
cs0001533,0
cs0003374,1
cs0002079,1
cs0002346,1
cs0002418,1
cs0002316,0
cs000337,0
cs0001258,0
cs0002824,1
cs000348,1
cs0002396,1
cs0002749,0
cs00095,1
cs0001196,0
cs0001688,0
cs000249,0
cs000633,1
cs0002769,0
cs0001443,0
cs0001280,0
cs000227,0
cs0002618,1
cs0003109,1
cs000183,1
cs0002841,1
cs000830,0
cs0002209,1
cs0001375,0
cs0001601,1
cs0001644,0
cs0002651,1
cs0002676,1
cs0002290,1
cs000989,0
cs0002231,0
cs0001432,0
cs000650,0
cs0003337,0
cs0002581,0
cs0002772,1
cs000176,0
cs0001350,0
cs0002557,0
cs000141,0
cs0001520,0
cs0003273,0
cs000457,0
cs0001779,1
cs0003061,1
cs0003272,0
cs0001065,0
cs0002253,0
cs0002151,0
cs0001684,0
cs0001234,0
cs000555,0
cs0002744,1
cs0003319,1
cs00022,0
cs0002743,1
cs000430,0
cs0001393,0
cs0003077,0
cs0001604,0
cs0001606,0
cs000376,0
cs000198,1
cs0002197,0
cs0001134,0
cs0002672,0
cs0001351,0
cs0001766,0
cs0002024,0
cs0001072,1
cs0001267,0
cs000515,1
cs0002160,0
cs0002058,1
cs0002379,0
cs000762,0
cs0003135,0
cs0001120,0
cs0001946,0
cs0003248,0
cs0003258,0
cs0001200,0
cs0002572,0
cs0003149,0
cs0001519,0
cs0001634,0
cs0001322,0
cs0003204,0
cs0001160,1
cs0002402,1
cs0001210,0
cs0002451,0
cs0002218,0
cs0002796,1
cs000390,1
cs0001413,0
cs0001821,0
cs0002499,0
cs000872,0
cs000314,0
cs000954,0
cs0002074,0
cs0003369,0
cs000242,0
cs000407,0
cs0002787,0
cs0003035,0
cs0001341,0
cs0001466,1
cs0003353,0
cs0002046,1
cs0003166,0
cs0002594,1
cs000260,1
cs000729,1
cs000603,0
cs0002310,0
cs0003380,0
cs000891,0
cs0001104,0
cs0001561,0
cs0001183,0
cs0001241,0
cs0001697,0
cs0001723,0
cs0001407,0
cs0003190,0
cs000100,0
cs000355,0
cs000854,0
cs000411,0
cs0002752,0
cs0001536,0
cs00074,0
cs0002650,0
cs0001778,0
cs0002960,1
cs0002789,0
cs0002851,0
cs0002728,0
cs000660,0
cs000859,0
cs0003276,0
cs0002204,1
cs0001429,1
cs0001577,0
cs0002338,0
cs0002221,0
cs0001980,0
cs0004,1
cs0001031,0
cs000643,0
cs0001446,1
cs0002269,0
cs000579,1
cs0001552,0
cs0002958,0
cs0001043,0
cs000595,1
cs000868,0
cs000268,0
cs0002246,0
cs000977,1
cs000140,0
cs0001414,0
cs0001720,0
cs0001005,1
cs000527,0
cs0001715,1
cs0002878,0
cs000950,0
cs0001320,0
cs0003328,0
cs0002966,1
cs0003265,0
cs0001667,1
cs000500,0
cs0002172,0
cs0001836,1
cs0003959,0
cs0003385,0
cs0003958,0
cs0003957,0
cs0003955,0
cs0003956,0
cs0003947,0
cs0003954,0
cs0003953,1
cs0003951,0
cs0003952,0
cs0003950,0
cs0003949,0
cs0003944,1
cs0003945,1
cs0003948,0
cs0003946,1
cs0003383,0
cs0003384,1
cs0003943,1
cs0003937,1
cs0003938,0
cs0003933,0
cs0003382,1
cs0003936,1
cs0003940,0
cs0003941,0
cs0003934,1
cs0003939,0
cs0003942,0
cs0003932,1
cs0003935,1
cs0003920,0
cs0003930,0
cs0003926,0
cs0003928,0
cs0003929,0
cs0003925,0
cs0003931,1
cs0003927,0
cs0003921,1
cs0003919,0
cs0003917,1
cs0003924,1
cs0003905,0
cs0003923,1
cs0003901,1
cs0003922,0
cs0003756,0
cs0003913,1
cs0003915,1
cs0003916,0
cs0003918,1
cs0003911,0
cs0003903,0
cs0003910,0
cs0003883,0
cs0003909,0
cs0003914,0
cs0003908,0
cs0003386,0
cs0003906,0
cs0003907,0
cs0003897,1
cs0003912,0
cs0003894,0
cs0003900,0
cs0003898,0
cs0003904,1
cs0003788,1
cs0003896,0
cs0003888,1
cs0003887,0
cs0003902,0
cs0003895,1
cs0003885,0
cs0003884,0
cs0003899,1
cs0003891,1
cs0003893,0
cs0003890,1
cs0003852,0
cs0003892,1
cs0003880,1
cs0003882,1
cs0003876,0
cs0003886,0
cs0003889,1
cs0003879,1
cs0003864,1
cs0003805,1
cs0003872,0
cs0003858,0
cs0003877,1
cs0003862,0
cs0003871,1
cs0003873,0
cs0003855,1
cs0003874,0
cs0003878,1
cs0003870,0
cs0003869,0
cs0003849,1
cs0003863,0
cs0003875,0
cs0003631,0
cs0003861,1
cs0003881,1
cs0003792,0
cs0003804,0
cs0003796,1
cs0003837,1
cs0003754,0
cs0003866,1
cs0003835,0
cs0003570,1
cs0003853,1
cs0003814,0
cs0003868,0
cs0003845,0
cs0003815,1
cs0003843,1
cs0003840,0
cs0003821,1
cs0003807,0
cs0003865,1
cs0003831,0
cs0003809,0
cs0003828,0
cs0003847,1
cs0003820,0
cs0003857,1
cs0003848,1
cs0003851,0
cs0003867,1
cs0003860,0
cs0003838,0
cs0003839,0
cs0003829,0
cs0003846,0
cs0003783,0
cs0003813,1
cs0003832,0
cs0003798,0
cs0003811,1
cs0003833,0
cs0003834,0
cs0003402,1
cs0003393,1
cs0003812,0
cs0003859,1
cs0003841,0
cs0003842,1
cs0003801,1
cs0003786,1
cs0003830,0
cs0003746,0
cs0003854,1
cs0003850,1
cs0003802,0
cs0003856,0
cs0003808,0
cs0003822,1
cs0003789,0
cs0003836,0
cs0003407,0
cs0003506,1
cs0003490,0
cs0003767,1
cs0003398,0
cs0003761,0
cs0003749,1
cs0003784,0
cs0003819,1
cs0003395,0
cs0003799,0
cs0003737,1
cs0003816,0
cs0003764,0
cs0003771,0
cs0003844,0
cs0003399,0
cs0003793,0
cs0003810,1
cs0003823,1
cs0003803,0
cs0003667,0
cs0003701,0
cs0003649,0
cs0003800,0
cs0003824,1
cs0003826,1
cs0003827,1
cs0003795,0
cs0003794,1
cs0003773,1
cs0003825,0
cs0003818,1
cs0003770,0
cs0003780,0
cs0003758,0
cs0003785,0
cs0003817,1
cs0003806,1
cs0003711,0
cs0003772,0
cs0003774,0
cs0003750,0
cs0003790,0
cs0003778,0
cs0003742,1
cs0003724,0
cs0003726,0
cs0003735,0
cs0003775,0
cs0003768,1
cs0003714,0
cs0003755,0
cs0003791,1
cs0003797,0
cs0003787,0
cs0003730,0
cs0003781,0
cs0003624,0
cs0003777,1
cs0003732,0
cs0003753,1
cs0003769,0
cs0003779,0
cs0003641,0
cs0003752,1
cs0003744,0
cs0003776,0
cs0003733,0
cs0003740,0
cs0003725,0
cs0003687,0
cs0003676,0
cs0003782,0
cs0003747,1
cs0003673,0
cs0003748,1
cs0003751,0
cs0003706,0
cs0003728,0
cs0003729,0
cs0003700,1
cs0003743,0
cs0003672,1
cs0003760,0
cs0003736,0
cs0003699,1
cs0003723,0
cs0003381,0
cs0003422,1
cs0003766,1
cs0003759,0
cs0003765,1
cs0003704,0
cs0003691,1
cs0003693,0
cs0003717,1
cs0003763,1
cs0003762,1
cs0003707,0
cs0003675,0
cs0003666,1
cs0003739,1
cs0003684,1
cs0003757,0
cs0003745,1
cs0003682,0
cs0003719,0
cs0003722,0
cs0003674,0
cs0003712,1
cs0003696,1
cs0003715,1
cs0003731,0
cs0003662,0
cs0003627,0
cs0003659,0
cs0003698,1
cs0003708,1
cs0003578,0
cs0003727,0
cs0003709,1
cs0003664,0
cs0003734,1
cs0003680,0
cs0003387,0
cs0003738,0
cs0003683,0
cs0003678,0
cs0003692,0
cs0003645,1
cs0003669,1
cs0003718,0
cs0003705,0
cs0003668,0
cs0003388,0
cs0003716,0
cs0003741,0
cs0003703,1
cs0003646,0
cs0003579,0
cs0003720,0
cs0003633,0
cs0003713,1
cs0003616,0
cs0003418,0
cs0003638,0
cs0003565,1
cs0003690,1
cs0003721,1
cs0003695,0
cs0003697,1
cs0003651,1
cs0003665,1
cs0003655,0
cs0003406,1
cs0003677,1
cs0003681,1
cs0003629,0
cs0003688,0
cs0003619,0
cs0003710,1
cs0003694,0
cs0003597,1
cs0003670,1
cs0003686,0
cs0003612,1
cs0003476,0
cs0003628,0
cs0003593,0
cs0003661,1
cs0003653,1
cs0003635,1
cs0003610,0
cs0003702,0
cs0003660,0
cs0003652,0
cs0003637,0
cs0003394,0
cs0003412,1
cs0003685,1
cs0003663,1
cs0003614,0
cs0003648,0
cs0003568,0
cs0003671,1
cs0003657,1
cs0003604,0
cs0003594,0
cs0003573,0
cs0003617,1
cs0003689,1
cs0003510,0
cs0003630,0
cs0003642,0
cs0003580,0
cs0003640,1
cs0003611,0
cs0003639,0
cs0003396,1
cs0003679,0
cs0003493,0
cs0003607,1
cs0003576,1
cs0003591,0
cs0003602,0
cs0003609,0
cs0003586,0
cs0003632,0
cs0003623,0
cs0003613,1
cs0003650,1
cs0003620,0
cs0003595,0
cs0003654,0
cs0003636,1
cs0003644,1
cs0003647,1
cs0003656,1
cs0003634,0
cs0003606,0
cs0003658,0
cs0003550,0
cs0003559,1
cs0003551,1
cs0003562,0
cs0003608,1
cs0003596,0
cs0003409,1
cs0003391,1
cs0003601,1
cs0003572,0
cs0003622,1
cs0003512,1
cs0003587,0
cs0003643,1
cs0003598,0
cs0003585,0
cs0003600,1
cs0003397,1
cs0003582,1
cs0003534,0
cs0003588,0
cs0003427,0
cs0003581,1
cs0003539,0
cs0003625,1
cs0003525,0
cs0003621,1
cs0003567,1
cs0003626,0
cs0003574,0
cs0003599,1
cs0003500,0
cs0003495,0
cs0003514,0
cs0003592,0
cs0003390,0
cs0003405,0
cs0003417,0
cs0003615,0
cs0003590,0
cs0003618,1
cs0003452,0
cs0003497,1
cs0003537,1
cs0003589,0
cs0003584,0
cs0003532,1
cs0003543,1
cs0003583,0
cs0003505,0
cs0003575,1
cs0003557,1
cs0003555,1
cs0003603,1
cs0003560,0
cs0003527,1
cs0003605,0
cs0003518,0
cs0003438,0
cs0003541,0
cs0003503,1
cs0003553,1
cs0003466,1
cs0003548,1
cs0003549,1
cs0003486,0
cs0003489,1
cs0003513,0
cs0003538,1
cs0003552,0
cs0003423,1
cs0003392,0
cs0003472,0
cs0003471,0
cs0003564,0
cs0003569,1
cs0003508,1
cs0003533,1
cs0003561,1
cs0003389,0
cs0003499,1
cs0003488,1
cs0003524,0
cs0003530,0
cs0003536,0
cs0003542,0
cs0003556,0
cs0003511,0
cs0003531,1
cs0003571,1
cs0003403,1
cs0003504,1
cs0003515,0
cs0003558,1
cs0003566,0
cs0003535,0
cs0003577,1
cs0003451,0
cs0003481,0
cs0003520,0
cs0003563,0
cs0003545,1
cs0003447,0
cs0003540,1
cs0003477,0
cs0003440,0
cs0003482,1
cs0003454,0
cs0003413,0
cs0003457,0
cs0003502,0
cs0003408,0
cs0003475,0
cs0003544,0
cs0003554,1
cs0003425,1
cs0003547,1
cs0003517,1
cs0003415,0
cs0003445,1
cs0003507,1
cs0003410,0
cs0003433,0
cs0003478,0
cs0003546,1
cs0003487,1
cs0003494,0
cs0003414,0
cs0003431,1
cs0003468,1
cs0003464,0
cs0003519,0
cs0003526,0
cs0003473,0
cs0003436,1
cs0003442,0
cs0003429,1
cs0003491,1
cs0003465,1
cs0003521,1
cs0003479,0
cs0003522,1
cs0003404,1
cs0003446,0
cs0003484,0
cs0003453,0
cs0003467,0
cs0003492,0
cs0003421,1
cs0003450,1
cs0003529,0
cs0003400,0
cs0003462,0
cs0003448,0
cs0003498,1
cs0003516,1
cs0003509,0
cs0003470,0
cs0003483,1
cs0003461,0
cs0003485,1
cs0003528,0
cs0003420,0
cs0003441,0
cs0003444,1
cs0003443,1
cs0003459,1
cs0003419,1
cs0003463,0
cs0003523,0
cs0003474,1
cs0003449,1
cs0003456,1
cs0003428,1
cs0003426,0
cs0003469,1
cs0003501,0
cs0003458,1
cs0003480,1
cs0003496,0
cs0003439,1
cs0003437,0
cs0003460,0
cs0003424,0
cs0003416,1
cs0003455,1
cs0003401,0
cs0003430,0
cs0003432,0
cs0003411,0
cs0003435,0
cs0003434,0
